Country Code,Year,Temperature,Precipitation
ABW,2010,,
AFE,2010,,
AFG,2010,,327.0
AFW,2010,,
AGO,2010,,1010.0
ALB,2010,,1485.0
AND,2010,,
ARB,2010,,
ARE,2010,,78.0
ARG,2010,,591.0
ARM,2010,,562.0
ASM,2010,,
ATG,2010,,1030.0
AUS,2010,,534.0
AUT,2010,,1110.0
AZE,2010,,447.0
BDI,2010,,1274.0
BEL,2010,,847.0
BEN,2010,,1039.0
BFA,2010,,748.0
BGD,2010,,2666.0
BGR,2010,,608.0
BHR,2010,,83.0
BHS,2010,,1292.0
BIH,2010,,1028.0
BLR,2010,,618.0
BLZ,2010,,1705.0
BMU,2010,,
BOL,2010,,1146.0
BRA,2010,,1761.0
BRB,2010,,1422.0
BRN,2010,,2722.0
BTN,2010,,2200.0
BWA,2010,,416.0
CAF,2010,,1343.0
CAN,2010,,537.0
CEB,2010,,
CHE,2010,,1537.0
CHI,2010,,
CHL,2010,,1522.0
CHN,2010,,645.0
CIV,2010,,1348.0
CMR,2010,,1604.0
COD,2010,,1543.0
COG,2010,,1646.0
COL,2010,,3240.0
COM,2010,,900.0
CPV,2010,,228.0
CRI,2010,,2926.0
CSS,2010,,
CUB,2010,,1335.0
CUW,2010,,
CYM,2010,,
CYP,2010,,498.0
CZE,2010,,677.0
DEU,2010,,700.0
DJI,2010,,220.0
DMA,2010,,2083.0
DNK,2010,,703.0
DOM,2010,,1410.0
DZA,2010,,89.0
EAP,2010,,
EAR,2010,,
EAS,2010,,
ECA,2010,,
ECS,2010,,
ECU,2010,,2274.0
EGY,2010,,18.1
EMU,2010,,
ERI,2010,,384.0
ESP,2010,,636.0
EST,2010,,626.0
ETH,2010,,848.0
EUU,2010,,
FCS,2010,,
FIN,2010,,536.0
FJI,2010,,2592.0
FRA,2010,,867.0
FRO,2010,,
FSM,2010,,
GAB,2010,,1831.0
GBR,2010,,1220.0
GEO,2010,,1026.0
GHA,2010,,1187.0
GIB,2010,,
GIN,2010,,1651.0
GMB,2010,,836.0
GNB,2010,,1577.0
GNQ,2010,,2156.0
GRC,2010,,652.0
GRD,2010,,2350.0
GRL,2010,,
GTM,2010,,1996.0
GUM,2010,,
GUY,2010,,2387.0
HIC,2010,,
HKG,2010,,
HND,2010,,1976.0
HPC,2010,,
HRV,2010,,1113.0
HTI,2010,,1440.0
HUN,2010,,589.0
IBD,2010,,
IBT,2010,,
IDA,2010,,
IDB,2010,,
IDN,2010,,2702.0
IDX,2010,,
IMN,2010,,
IND,2010,,1083.0
INX,2010,,
IRL,2010,,1118.0
IRN,2010,,228.0
IRQ,2010,,216.0
ISL,2010,,1940.0
ISR,2010,,435.0
ITA,2010,,832.0
JAM,2010,,2051.0
JOR,2010,,111.0
JPN,2010,,1668.0
KAZ,2010,,250.0
KEN,2010,,630.0
KGZ,2010,,533.0
KHM,2010,,1904.0
KIR,2010,,
KNA,2010,,1427.0
KOR,2010,,1274.0
KWT,2010,,121.0
LAC,2010,,
LAO,2010,,1834.0
LBN,2010,,661.0
LBR,2010,,2391.0
LBY,2010,,56.0
LCA,2010,,2301.0
LCN,2010,,
LDC,2010,,
LIC,2010,,
LIE,2010,,
LKA,2010,,1712.0
LMC,2010,,
LMY,2010,,
LSO,2010,,788.0
LTE,2010,,
LTU,2010,,656.0
LUX,2010,,934.0
LVA,2010,,667.0
MAC,2010,,
MAF,2010,,
MAR,2010,,346.0
MCO,2010,,
MDA,2010,,450.0
MDG,2010,,1513.0
MDV,2010,,1972.0
MEA,2010,,
MEX,2010,,758.0
MHL,2010,,
MIC,2010,,
MKD,2010,,619.0
MLI,2010,,282.0
MLT,2010,,560.0
MMR,2010,,2091.0
MNA,2010,,
MNE,2010,,
MNG,2010,,241.0
MNP,2010,,
MOZ,2010,,1032.0
MRT,2010,,92.0
MUS,2010,,2041.0
MWI,2010,,1181.0
MYS,2010,,2875.0
NAC,2010,,
NAM,2010,,285.0
NCL,2010,,
NER,2010,,151.0
NGA,2010,,1150.0
NIC,2010,,2280.0
NLD,2010,,778.0
NOR,2010,,1414.0
NPL,2010,,1500.0
NRU,2010,,
NZL,2010,,1732.0
OED,2010,,
OMN,2010,,125.0
OSS,2010,,
PAK,2010,,494.0
PAN,2010,,2928.0
PER,2010,,1738.0
PHL,2010,,2348.0
PLW,2010,,
PNG,2010,,3142.0
POL,2010,,600.0
PRE,2010,,
PRI,2010,,2054.0
PRK,2010,,1054.0
PRT,2010,,854.0
PRY,2010,,1130.0
PSE,2010,,402.0
PSS,2010,,
PST,2010,,
PYF,2010,,
QAT,2010,,74.0
ROU,2010,,637.0
RUS,2010,,460.0
RWA,2010,,1212.0
SAS,2010,,
SAU,2010,,59.0
SDN,2010,,
SEN,2010,,686.0
SGP,2010,,2497.0
SLB,2010,,3028.0
SLE,2010,,2526.0
SLV,2010,,1784.0
SMR,2010,,
SOM,2010,,282.0
SRB,2010,,
SSA,2010,,
SSD,2010,,
SSF,2010,,
SST,2010,,
STP,2010,,3200.0
SUR,2010,,2331.0
SVK,2010,,824.0
SVN,2010,,1162.0
SWE,2010,,624.0
SWZ,2010,,788.0
SXM,2010,,
SYC,2010,,2330.0
SYR,2010,,252.0
TCA,2010,,
TCD,2010,,322.0
TEA,2010,,
TEC,2010,,
TGO,2010,,1168.0
THA,2010,,1622.0
TJK,2010,,691.0
TKM,2010,,161.0
TLA,2010,,
TLS,2010,,1500.0
TMN,2010,,
TON,2010,,
TSA,2010,,
TSS,2010,,
TTO,2010,,2200.0
TUN,2010,,207.0
TUR,2010,,593.0
TUV,2010,,
TZA,2010,,1071.0
UGA,2010,,1180.0
UKR,2010,,565.0
UMC,2010,,
URY,2010,,1300.0
USA,2010,,715.0
UZB,2010,,206.0
VCT,2010,,1583.0
VEN,2010,,2044.0
VGB,2010,,
VIR,2010,,
VNM,2010,,1821.0
VUT,2010,,2000.0
WLD,2010,,
WSM,2010,,2880.0
XKX,2010,,
YEM,2010,,167.0
ZAF,2010,,495.0
ZMB,2010,,1020.0
ZWE,2010,,657.0
ABW,2011,,
AFE,2011,,
AFG,2011,,327.0
AFW,2011,,
AGO,2011,,1010.0
ALB,2011,,1485.0
AND,2011,,
ARB,2011,,
ARE,2011,,78.0
ARG,2011,,591.0
ARM,2011,,562.0
ASM,2011,,
ATG,2011,,1030.0
AUS,2011,,534.0
AUT,2011,,1110.0
AZE,2011,,447.0
BDI,2011,,1274.0
BEL,2011,,847.0
BEN,2011,,1039.0
BFA,2011,,748.0
BGD,2011,,2666.0
BGR,2011,,608.0
BHR,2011,,83.0
BHS,2011,,1292.0
BIH,2011,,1028.0
BLR,2011,,618.0
BLZ,2011,,1705.0
BMU,2011,,
BOL,2011,,1146.0
BRA,2011,,1761.0
BRB,2011,,1422.0
BRN,2011,,2722.0
BTN,2011,,2200.0
BWA,2011,,416.0
CAF,2011,,1343.0
CAN,2011,,537.0
CEB,2011,,
CHE,2011,,1537.0
CHI,2011,,
CHL,2011,,1522.0
CHN,2011,,645.0
CIV,2011,,1348.0
CMR,2011,,1604.0
COD,2011,,1543.0
COG,2011,,1646.0
COL,2011,,3240.0
COM,2011,,900.0
CPV,2011,,228.0
CRI,2011,,2926.0
CSS,2011,,
CUB,2011,,1335.0
CUW,2011,,
CYM,2011,,
CYP,2011,,498.0
CZE,2011,,677.0
DEU,2011,,700.0
DJI,2011,,220.0
DMA,2011,,2083.0
DNK,2011,,703.0
DOM,2011,,1410.0
DZA,2011,,89.0
EAP,2011,,
EAR,2011,,
EAS,2011,,
ECA,2011,,
ECS,2011,,
ECU,2011,,2274.0
EGY,2011,,18.1
EMU,2011,,
ERI,2011,,384.0
ESP,2011,,636.0
EST,2011,,626.0
ETH,2011,,848.0
EUU,2011,,
FCS,2011,,
FIN,2011,,536.0
FJI,2011,,2592.0
FRA,2011,,867.0
FRO,2011,,
FSM,2011,,
GAB,2011,,1831.0
GBR,2011,,1220.0
GEO,2011,,1026.0
GHA,2011,,1187.0
GIB,2011,,
GIN,2011,,1651.0
GMB,2011,,836.0
GNB,2011,,1577.0
GNQ,2011,,2156.0
GRC,2011,,652.0
GRD,2011,,2350.0
GRL,2011,,
GTM,2011,,1996.0
GUM,2011,,
GUY,2011,,2387.0
HIC,2011,,
HKG,2011,,
HND,2011,,1976.0
HPC,2011,,
HRV,2011,,1113.0
HTI,2011,,1440.0
HUN,2011,,589.0
IBD,2011,,
IBT,2011,,
IDA,2011,,
IDB,2011,,
IDN,2011,,2702.0
IDX,2011,,
IMN,2011,,
IND,2011,,1083.0
INX,2011,,
IRL,2011,,1118.0
IRN,2011,,228.0
IRQ,2011,,216.0
ISL,2011,,1940.0
ISR,2011,,435.0
ITA,2011,,832.0
JAM,2011,,2051.0
JOR,2011,,111.0
JPN,2011,,1668.0
KAZ,2011,,250.0
KEN,2011,,630.0
KGZ,2011,,533.0
KHM,2011,,1904.0
KIR,2011,,
KNA,2011,,1427.0
KOR,2011,,1274.0
KWT,2011,,121.0
LAC,2011,,
LAO,2011,,1834.0
LBN,2011,,661.0
LBR,2011,,2391.0
LBY,2011,,56.0
LCA,2011,,2301.0
LCN,2011,,
LDC,2011,,
LIC,2011,,
LIE,2011,,
LKA,2011,,1712.0
LMC,2011,,
LMY,2011,,
LSO,2011,,788.0
LTE,2011,,
LTU,2011,,656.0
LUX,2011,,934.0
LVA,2011,,667.0
MAC,2011,,
MAF,2011,,
MAR,2011,,346.0
MCO,2011,,
MDA,2011,,450.0
MDG,2011,,1513.0
MDV,2011,,1972.0
MEA,2011,,
MEX,2011,,758.0
MHL,2011,,
MIC,2011,,
MKD,2011,,619.0
MLI,2011,,282.0
MLT,2011,,560.0
MMR,2011,,2091.0
MNA,2011,,
MNE,2011,,
MNG,2011,,241.0
MNP,2011,,
MOZ,2011,,1032.0
MRT,2011,,92.0
MUS,2011,,2041.0
MWI,2011,,1181.0
MYS,2011,,2875.0
NAC,2011,,
NAM,2011,,285.0
NCL,2011,,
NER,2011,,151.0
NGA,2011,,1150.0
NIC,2011,,2280.0
NLD,2011,,778.0
NOR,2011,,1414.0
NPL,2011,,1500.0
NRU,2011,,
NZL,2011,,1732.0
OED,2011,,
OMN,2011,,125.0
OSS,2011,,
PAK,2011,,494.0
PAN,2011,,2928.0
PER,2011,,1738.0
PHL,2011,,2348.0
PLW,2011,,
PNG,2011,,3142.0
POL,2011,,600.0
PRE,2011,,
PRI,2011,,2054.0
PRK,2011,,1054.0
PRT,2011,,854.0
PRY,2011,,1130.0
PSE,2011,,402.0
PSS,2011,,
PST,2011,,
PYF,2011,,
QAT,2011,,74.0
ROU,2011,,637.0
RUS,2011,,460.0
RWA,2011,,1212.0
SAS,2011,,
SAU,2011,,59.0
SDN,2011,,
SEN,2011,,686.0
SGP,2011,,2497.0
SLB,2011,,3028.0
SLE,2011,,2526.0
SLV,2011,,1784.0
SMR,2011,,
SOM,2011,,282.0
SRB,2011,,
SSA,2011,,
SSD,2011,,
SSF,2011,,
SST,2011,,
STP,2011,,3200.0
SUR,2011,,2331.0
SVK,2011,,824.0
SVN,2011,,1162.0
SWE,2011,,624.0
SWZ,2011,,788.0
SXM,2011,,
SYC,2011,,2330.0
SYR,2011,,252.0
TCA,2011,,
TCD,2011,,322.0
TEA,2011,,
TEC,2011,,
TGO,2011,,1168.0
THA,2011,,1622.0
TJK,2011,,691.0
TKM,2011,,161.0
TLA,2011,,
TLS,2011,,1500.0
TMN,2011,,
TON,2011,,
TSA,2011,,
TSS,2011,,
TTO,2011,,2200.0
TUN,2011,,207.0
TUR,2011,,593.0
TUV,2011,,
TZA,2011,,1071.0
UGA,2011,,1180.0
UKR,2011,,565.0
UMC,2011,,
URY,2011,,1300.0
USA,2011,,715.0
UZB,2011,,206.0
VCT,2011,,1583.0
VEN,2011,,2044.0
VGB,2011,,
VIR,2011,,
VNM,2011,,1821.0
VUT,2011,,2000.0
WLD,2011,,
WSM,2011,,2880.0
XKX,2011,,
YEM,2011,,167.0
ZAF,2011,,495.0
ZMB,2011,,1020.0
ZWE,2011,,657.0
ABW,2012,,
AFE,2012,,
AFG,2012,,327.0
AFW,2012,,
AGO,2012,,1010.0
ALB,2012,,1485.0
AND,2012,,
ARB,2012,,
ARE,2012,,78.0
ARG,2012,,591.0
ARM,2012,,562.0
ASM,2012,,
ATG,2012,,1030.0
AUS,2012,,534.0
AUT,2012,,1110.0
AZE,2012,,447.0
BDI,2012,,1274.0
BEL,2012,,847.0
BEN,2012,,1039.0
BFA,2012,,748.0
BGD,2012,,2666.0
BGR,2012,,608.0
BHR,2012,,83.0
BHS,2012,,1292.0
BIH,2012,,1028.0
BLR,2012,,618.0
BLZ,2012,,1705.0
BMU,2012,,
BOL,2012,,1146.0
BRA,2012,,1761.0
BRB,2012,,1422.0
BRN,2012,,2722.0
BTN,2012,,2200.0
BWA,2012,,416.0
CAF,2012,,1343.0
CAN,2012,,537.0
CEB,2012,,
CHE,2012,,1537.0
CHI,2012,,
CHL,2012,,1522.0
CHN,2012,,645.0
CIV,2012,,1348.0
CMR,2012,,1604.0
COD,2012,,1543.0
COG,2012,,1646.0
COL,2012,,3240.0
COM,2012,,900.0
CPV,2012,,228.0
CRI,2012,,2926.0
CSS,2012,,
CUB,2012,,1335.0
CUW,2012,,
CYM,2012,,
CYP,2012,,498.0
CZE,2012,,677.0
DEU,2012,,700.0
DJI,2012,,220.0
DMA,2012,,2083.0
DNK,2012,,703.0
DOM,2012,,1410.0
DZA,2012,,89.0
EAP,2012,,
EAR,2012,,
EAS,2012,,
ECA,2012,,
ECS,2012,,
ECU,2012,,2274.0
EGY,2012,,18.1
EMU,2012,,
ERI,2012,,384.0
ESP,2012,,636.0
EST,2012,,626.0
ETH,2012,,848.0
EUU,2012,,
FCS,2012,,
FIN,2012,,536.0
FJI,2012,,2592.0
FRA,2012,,867.0
FRO,2012,,
FSM,2012,,
GAB,2012,,1831.0
GBR,2012,,1220.0
GEO,2012,,1026.0
GHA,2012,,1187.0
GIB,2012,,
GIN,2012,,1651.0
GMB,2012,,836.0
GNB,2012,,1577.0
GNQ,2012,,2156.0
GRC,2012,,652.0
GRD,2012,,2350.0
GRL,2012,,
GTM,2012,,1996.0
GUM,2012,,
GUY,2012,,2387.0
HIC,2012,,
HKG,2012,,
HND,2012,,1976.0
HPC,2012,,
HRV,2012,,1113.0
HTI,2012,,1440.0
HUN,2012,,589.0
IBD,2012,,
IBT,2012,,
IDA,2012,,
IDB,2012,,
IDN,2012,,2702.0
IDX,2012,,
IMN,2012,,
IND,2012,,1083.0
INX,2012,,
IRL,2012,,1118.0
IRN,2012,,228.0
IRQ,2012,,216.0
ISL,2012,,1940.0
ISR,2012,,435.0
ITA,2012,,832.0
JAM,2012,,2051.0
JOR,2012,,111.0
JPN,2012,,1668.0
KAZ,2012,,250.0
KEN,2012,,630.0
KGZ,2012,,533.0
KHM,2012,,1904.0
KIR,2012,,
KNA,2012,,1427.0
KOR,2012,,1274.0
KWT,2012,,121.0
LAC,2012,,
LAO,2012,,1834.0
LBN,2012,,661.0
LBR,2012,,2391.0
LBY,2012,,56.0
LCA,2012,,2301.0
LCN,2012,,
LDC,2012,,
LIC,2012,,
LIE,2012,,
LKA,2012,,1712.0
LMC,2012,,
LMY,2012,,
LSO,2012,,788.0
LTE,2012,,
LTU,2012,,656.0
LUX,2012,,934.0
LVA,2012,,667.0
MAC,2012,,
MAF,2012,,
MAR,2012,,346.0
MCO,2012,,
MDA,2012,,450.0
MDG,2012,,1513.0
MDV,2012,,1972.0
MEA,2012,,
MEX,2012,,758.0
MHL,2012,,
MIC,2012,,
MKD,2012,,619.0
MLI,2012,,282.0
MLT,2012,,560.0
MMR,2012,,2091.0
MNA,2012,,
MNE,2012,,
MNG,2012,,241.0
MNP,2012,,
MOZ,2012,,1032.0
MRT,2012,,92.0
MUS,2012,,2041.0
MWI,2012,,1181.0
MYS,2012,,2875.0
NAC,2012,,
NAM,2012,,285.0
NCL,2012,,
NER,2012,,151.0
NGA,2012,,1150.0
NIC,2012,,2280.0
NLD,2012,,778.0
NOR,2012,,1414.0
NPL,2012,,1500.0
NRU,2012,,
NZL,2012,,1732.0
OED,2012,,
OMN,2012,,125.0
OSS,2012,,
PAK,2012,,494.0
PAN,2012,,2928.0
PER,2012,,1738.0
PHL,2012,,2348.0
PLW,2012,,
PNG,2012,,3142.0
POL,2012,,600.0
PRE,2012,,
PRI,2012,,2054.0
PRK,2012,,1054.0
PRT,2012,,854.0
PRY,2012,,1130.0
PSE,2012,,402.0
PSS,2012,,
PST,2012,,
PYF,2012,,
QAT,2012,,74.0
ROU,2012,,637.0
RUS,2012,,460.0
RWA,2012,,1212.0
SAS,2012,,
SAU,2012,,59.0
SDN,2012,,250.0
SEN,2012,,686.0
SGP,2012,,2497.0
SLB,2012,,3028.0
SLE,2012,,2526.0
SLV,2012,,1784.0
SMR,2012,,
SOM,2012,,282.0
SRB,2012,,
SSA,2012,,
SSD,2012,,900.0
SSF,2012,,
SST,2012,,
STP,2012,,3200.0
SUR,2012,,2331.0
SVK,2012,,824.0
SVN,2012,,1162.0
SWE,2012,,624.0
SWZ,2012,,788.0
SXM,2012,,
SYC,2012,,2330.0
SYR,2012,,252.0
TCA,2012,,
TCD,2012,,322.0
TEA,2012,,
TEC,2012,,
TGO,2012,,1168.0
THA,2012,,1622.0
TJK,2012,,691.0
TKM,2012,,161.0
TLA,2012,,
TLS,2012,,1500.0
TMN,2012,,
TON,2012,,
TSA,2012,,
TSS,2012,,
TTO,2012,,2200.0
TUN,2012,,207.0
TUR,2012,,593.0
TUV,2012,,
TZA,2012,,1071.0
UGA,2012,,1180.0
UKR,2012,,565.0
UMC,2012,,
URY,2012,,1300.0
USA,2012,,715.0
UZB,2012,,206.0
VCT,2012,,1583.0
VEN,2012,,2044.0
VGB,2012,,
VIR,2012,,
VNM,2012,,1821.0
VUT,2012,,2000.0
WLD,2012,,
WSM,2012,,2880.0
XKX,2012,,
YEM,2012,,167.0
ZAF,2012,,495.0
ZMB,2012,,1020.0
ZWE,2012,,657.0
ABW,2013,,
AFE,2013,,
AFG,2013,,327.0
AFW,2013,,
AGO,2013,,1010.0
ALB,2013,,1485.0
AND,2013,,
ARB,2013,,
ARE,2013,,78.0
ARG,2013,,591.0
ARM,2013,,562.0
ASM,2013,,
ATG,2013,,1030.0
AUS,2013,,534.0
AUT,2013,,1110.0
AZE,2013,,447.0
BDI,2013,,1274.0
BEL,2013,,847.0
BEN,2013,,1039.0
BFA,2013,,748.0
BGD,2013,,2666.0
BGR,2013,,608.0
BHR,2013,,83.0
BHS,2013,,1292.0
BIH,2013,,1028.0
BLR,2013,,618.0
BLZ,2013,,1705.0
BMU,2013,,
BOL,2013,,1146.0
BRA,2013,,1761.0
BRB,2013,,1422.0
BRN,2013,,2722.0
BTN,2013,,2200.0
BWA,2013,,416.0
CAF,2013,,1343.0
CAN,2013,,537.0
CEB,2013,,
CHE,2013,,1537.0
CHI,2013,,
CHL,2013,,1522.0
CHN,2013,,645.0
CIV,2013,,1348.0
CMR,2013,,1604.0
COD,2013,,1543.0
COG,2013,,1646.0
COL,2013,,3240.0
COM,2013,,900.0
CPV,2013,,228.0
CRI,2013,,2926.0
CSS,2013,,
CUB,2013,,1335.0
CUW,2013,,
CYM,2013,,
CYP,2013,,498.0
CZE,2013,,677.0
DEU,2013,,700.0
DJI,2013,,220.0
DMA,2013,,2083.0
DNK,2013,,703.0
DOM,2013,,1410.0
DZA,2013,,89.0
EAP,2013,,
EAR,2013,,
EAS,2013,,
ECA,2013,,
ECS,2013,,
ECU,2013,,2274.0
EGY,2013,,18.1
EMU,2013,,
ERI,2013,,384.0
ESP,2013,,636.0
EST,2013,,626.0
ETH,2013,,848.0
EUU,2013,,
FCS,2013,,
FIN,2013,,536.0
FJI,2013,,2592.0
FRA,2013,,867.0
FRO,2013,,
FSM,2013,,
GAB,2013,,1831.0
GBR,2013,,1220.0
GEO,2013,,1026.0
GHA,2013,,1187.0
GIB,2013,,
GIN,2013,,1651.0
GMB,2013,,836.0
GNB,2013,,1577.0
GNQ,2013,,2156.0
GRC,2013,,652.0
GRD,2013,,2350.0
GRL,2013,,
GTM,2013,,1996.0
GUM,2013,,
GUY,2013,,2387.0
HIC,2013,,
HKG,2013,,
HND,2013,,1976.0
HPC,2013,,
HRV,2013,,1113.0
HTI,2013,,1440.0
HUN,2013,,589.0
IBD,2013,,
IBT,2013,,
IDA,2013,,
IDB,2013,,
IDN,2013,,2702.0
IDX,2013,,
IMN,2013,,
IND,2013,,1083.0
INX,2013,,
IRL,2013,,1118.0
IRN,2013,,228.0
IRQ,2013,,216.0
ISL,2013,,1940.0
ISR,2013,,435.0
ITA,2013,,832.0
JAM,2013,,2051.0
JOR,2013,,111.0
JPN,2013,,1668.0
KAZ,2013,,250.0
KEN,2013,,630.0
KGZ,2013,,533.0
KHM,2013,,1904.0
KIR,2013,,
KNA,2013,,1427.0
KOR,2013,,1274.0
KWT,2013,,121.0
LAC,2013,,
LAO,2013,,1834.0
LBN,2013,,661.0
LBR,2013,,2391.0
LBY,2013,,56.0
LCA,2013,,2301.0
LCN,2013,,
LDC,2013,,
LIC,2013,,
LIE,2013,,
LKA,2013,,1712.0
LMC,2013,,
LMY,2013,,
LSO,2013,,788.0
LTE,2013,,
LTU,2013,,656.0
LUX,2013,,934.0
LVA,2013,,667.0
MAC,2013,,
MAF,2013,,
MAR,2013,,346.0
MCO,2013,,
MDA,2013,,450.0
MDG,2013,,1513.0
MDV,2013,,1972.0
MEA,2013,,
MEX,2013,,758.0
MHL,2013,,
MIC,2013,,
MKD,2013,,619.0
MLI,2013,,282.0
MLT,2013,,560.0
MMR,2013,,2091.0
MNA,2013,,
MNE,2013,,
MNG,2013,,241.0
MNP,2013,,
MOZ,2013,,1032.0
MRT,2013,,92.0
MUS,2013,,2041.0
MWI,2013,,1181.0
MYS,2013,,2875.0
NAC,2013,,
NAM,2013,,285.0
NCL,2013,,
NER,2013,,151.0
NGA,2013,,1150.0
NIC,2013,,2280.0
NLD,2013,,778.0
NOR,2013,,1414.0
NPL,2013,,1500.0
NRU,2013,,
NZL,2013,,1732.0
OED,2013,,
OMN,2013,,125.0
OSS,2013,,
PAK,2013,,494.0
PAN,2013,,2928.0
PER,2013,,1738.0
PHL,2013,,2348.0
PLW,2013,,
PNG,2013,,3142.0
POL,2013,,600.0
PRE,2013,,
PRI,2013,,2054.0
PRK,2013,,1054.0
PRT,2013,,854.0
PRY,2013,,1130.0
PSE,2013,,402.0
PSS,2013,,
PST,2013,,
PYF,2013,,
QAT,2013,,74.0
ROU,2013,,637.0
RUS,2013,,460.0
RWA,2013,,1212.0
SAS,2013,,
SAU,2013,,59.0
SDN,2013,,250.0
SEN,2013,,686.0
SGP,2013,,2497.0
SLB,2013,,3028.0
SLE,2013,,2526.0
SLV,2013,,1784.0
SMR,2013,,
SOM,2013,,282.0
SRB,2013,,
SSA,2013,,
SSD,2013,,900.0
SSF,2013,,
SST,2013,,
STP,2013,,3200.0
SUR,2013,,2331.0
SVK,2013,,824.0
SVN,2013,,1162.0
SWE,2013,,624.0
SWZ,2013,,788.0
SXM,2013,,
SYC,2013,,2330.0
SYR,2013,,252.0
TCA,2013,,
TCD,2013,,322.0
TEA,2013,,
TEC,2013,,
TGO,2013,,1168.0
THA,2013,,1622.0
TJK,2013,,691.0
TKM,2013,,161.0
TLA,2013,,
TLS,2013,,1500.0
TMN,2013,,
TON,2013,,
TSA,2013,,
TSS,2013,,
TTO,2013,,2200.0
TUN,2013,,207.0
TUR,2013,,593.0
TUV,2013,,
TZA,2013,,1071.0
UGA,2013,,1180.0
UKR,2013,,565.0
UMC,2013,,
URY,2013,,1300.0
USA,2013,,715.0
UZB,2013,,206.0
VCT,2013,,1583.0
VEN,2013,,2044.0
VGB,2013,,
VIR,2013,,
VNM,2013,,1821.0
VUT,2013,,2000.0
WLD,2013,,
WSM,2013,,2880.0
XKX,2013,,
YEM,2013,,167.0
ZAF,2013,,495.0
ZMB,2013,,1020.0
ZWE,2013,,657.0
ABW,2014,,
AFE,2014,,
AFG,2014,,327.0
AFW,2014,,
AGO,2014,,1010.0
ALB,2014,,1485.0
AND,2014,,
ARB,2014,,
ARE,2014,,78.0
ARG,2014,,591.0
ARM,2014,,562.0
ASM,2014,,
ATG,2014,,1030.0
AUS,2014,,534.0
AUT,2014,,1110.0
AZE,2014,,447.0
BDI,2014,,1274.0
BEL,2014,,847.0
BEN,2014,,1039.0
BFA,2014,,748.0
BGD,2014,,2666.0
BGR,2014,,608.0
BHR,2014,,83.0
BHS,2014,,1292.0
BIH,2014,,1028.0
BLR,2014,,618.0
BLZ,2014,,1705.0
BMU,2014,,
BOL,2014,,1146.0
BRA,2014,,1761.0
BRB,2014,,1422.0
BRN,2014,,2722.0
BTN,2014,,2200.0
BWA,2014,,416.0
CAF,2014,,1343.0
CAN,2014,,537.0
CEB,2014,,
CHE,2014,,1537.0
CHI,2014,,
CHL,2014,,1522.0
CHN,2014,,645.0
CIV,2014,,1348.0
CMR,2014,,1604.0
COD,2014,,1543.0
COG,2014,,1646.0
COL,2014,,3240.0
COM,2014,,900.0
CPV,2014,,228.0
CRI,2014,,2926.0
CSS,2014,,
CUB,2014,,1335.0
CUW,2014,,
CYM,2014,,
CYP,2014,,498.0
CZE,2014,,677.0
DEU,2014,,700.0
DJI,2014,,220.0
DMA,2014,,2083.0
DNK,2014,,703.0
DOM,2014,,1410.0
DZA,2014,,89.0
EAP,2014,,
EAR,2014,,
EAS,2014,,
ECA,2014,,
ECS,2014,,
ECU,2014,,2274.0
EGY,2014,,18.1
EMU,2014,,
ERI,2014,,384.0
ESP,2014,,636.0
EST,2014,,626.0
ETH,2014,,848.0
EUU,2014,,
FCS,2014,,
FIN,2014,,536.0
FJI,2014,,2592.0
FRA,2014,,867.0
FRO,2014,,
FSM,2014,,
GAB,2014,,1831.0
GBR,2014,,1220.0
GEO,2014,,1026.0
GHA,2014,,1187.0
GIB,2014,,
GIN,2014,,1651.0
GMB,2014,,836.0
GNB,2014,,1577.0
GNQ,2014,,2156.0
GRC,2014,,652.0
GRD,2014,,2350.0
GRL,2014,,
GTM,2014,,1996.0
GUM,2014,,
GUY,2014,,2387.0
HIC,2014,,
HKG,2014,,
HND,2014,,1976.0
HPC,2014,,
HRV,2014,,1113.0
HTI,2014,,1440.0
HUN,2014,,589.0
IBD,2014,,
IBT,2014,,
IDA,2014,,
IDB,2014,,
IDN,2014,,2702.0
IDX,2014,,
IMN,2014,,
IND,2014,,1083.0
INX,2014,,
IRL,2014,,1118.0
IRN,2014,,228.0
IRQ,2014,,216.0
ISL,2014,,1940.0
ISR,2014,,435.0
ITA,2014,,832.0
JAM,2014,,2051.0
JOR,2014,,111.0
JPN,2014,,1668.0
KAZ,2014,,250.0
KEN,2014,,630.0
KGZ,2014,,533.0
KHM,2014,,1904.0
KIR,2014,,
KNA,2014,,1427.0
KOR,2014,,1274.0
KWT,2014,,121.0
LAC,2014,,
LAO,2014,,1834.0
LBN,2014,,661.0
LBR,2014,,2391.0
LBY,2014,,56.0
LCA,2014,,2301.0
LCN,2014,,
LDC,2014,,
LIC,2014,,
LIE,2014,,
LKA,2014,,1712.0
LMC,2014,,
LMY,2014,,
LSO,2014,,788.0
LTE,2014,,
LTU,2014,,656.0
LUX,2014,,934.0
LVA,2014,,667.0
MAC,2014,,
MAF,2014,,
MAR,2014,,346.0
MCO,2014,,
MDA,2014,,450.0
MDG,2014,,1513.0
MDV,2014,,1972.0
MEA,2014,,
MEX,2014,,758.0
MHL,2014,,
MIC,2014,,
MKD,2014,,619.0
MLI,2014,,282.0
MLT,2014,,560.0
MMR,2014,,2091.0
MNA,2014,,
MNE,2014,,
MNG,2014,,241.0
MNP,2014,,
MOZ,2014,,1032.0
MRT,2014,,92.0
MUS,2014,,2041.0
MWI,2014,,1181.0
MYS,2014,,2875.0
NAC,2014,,
NAM,2014,,285.0
NCL,2014,,
NER,2014,,151.0
NGA,2014,,1150.0
NIC,2014,,2280.0
NLD,2014,,778.0
NOR,2014,,1414.0
NPL,2014,,1500.0
NRU,2014,,
NZL,2014,,1732.0
OED,2014,,
OMN,2014,,125.0
OSS,2014,,
PAK,2014,,494.0
PAN,2014,,2928.0
PER,2014,,1738.0
PHL,2014,,2348.0
PLW,2014,,
PNG,2014,,3142.0
POL,2014,,600.0
PRE,2014,,
PRI,2014,,2054.0
PRK,2014,,1054.0
PRT,2014,,854.0
PRY,2014,,1130.0
PSE,2014,,402.0
PSS,2014,,
PST,2014,,
PYF,2014,,
QAT,2014,,74.0
ROU,2014,,637.0
RUS,2014,,460.0
RWA,2014,,1212.0
SAS,2014,,
SAU,2014,,59.0
SDN,2014,,250.0
SEN,2014,,686.0
SGP,2014,,2497.0
SLB,2014,,3028.0
SLE,2014,,2526.0
SLV,2014,,1784.0
SMR,2014,,
SOM,2014,,282.0
SRB,2014,,
SSA,2014,,
SSD,2014,,900.0
SSF,2014,,
SST,2014,,
STP,2014,,3200.0
SUR,2014,,2331.0
SVK,2014,,824.0
SVN,2014,,1162.0
SWE,2014,,624.0
SWZ,2014,,788.0
SXM,2014,,
SYC,2014,,2330.0
SYR,2014,,252.0
TCA,2014,,
TCD,2014,,322.0
TEA,2014,,
TEC,2014,,
TGO,2014,,1168.0
THA,2014,,1622.0
TJK,2014,,691.0
TKM,2014,,161.0
TLA,2014,,
TLS,2014,,1500.0
TMN,2014,,
TON,2014,,
TSA,2014,,
TSS,2014,,
TTO,2014,,2200.0
TUN,2014,,207.0
TUR,2014,,593.0
TUV,2014,,
TZA,2014,,1071.0
UGA,2014,,1180.0
UKR,2014,,565.0
UMC,2014,,
URY,2014,,1300.0
USA,2014,,715.0
UZB,2014,,206.0
VCT,2014,,1583.0
VEN,2014,,2044.0
VGB,2014,,
VIR,2014,,
VNM,2014,,1821.0
VUT,2014,,2000.0
WLD,2014,,
WSM,2014,,2880.0
XKX,2014,,
YEM,2014,,167.0
ZAF,2014,,495.0
ZMB,2014,,1020.0
ZWE,2014,,657.0
ABW,2015,,
AFE,2015,,
AFG,2015,,327.0
AFW,2015,,
AGO,2015,,1010.0
ALB,2015,,1485.0
AND,2015,,
ARB,2015,,
ARE,2015,,78.0
ARG,2015,,591.0
ARM,2015,,562.0
ASM,2015,,
ATG,2015,,1030.0
AUS,2015,,534.0
AUT,2015,,1110.0
AZE,2015,,447.0
BDI,2015,,1274.0
BEL,2015,,847.0
BEN,2015,,1039.0
BFA,2015,,748.0
BGD,2015,,2666.0
BGR,2015,,608.0
BHR,2015,,83.0
BHS,2015,,1292.0
BIH,2015,,1028.0
BLR,2015,,618.0
BLZ,2015,,1705.0
BMU,2015,,
BOL,2015,,1146.0
BRA,2015,,1761.0
BRB,2015,,1422.0
BRN,2015,,2722.0
BTN,2015,,2200.0
BWA,2015,,416.0
CAF,2015,,1343.0
CAN,2015,,537.0
CEB,2015,,
CHE,2015,,1537.0
CHI,2015,,
CHL,2015,,1522.0
CHN,2015,,645.0
CIV,2015,,1348.0
CMR,2015,,1604.0
COD,2015,,1543.0
COG,2015,,1646.0
COL,2015,,3240.0
COM,2015,,900.0
CPV,2015,,228.0
CRI,2015,,2926.0
CSS,2015,,
CUB,2015,,1335.0
CUW,2015,,
CYM,2015,,
CYP,2015,,498.0
CZE,2015,,677.0
DEU,2015,,700.0
DJI,2015,,220.0
DMA,2015,,2083.0
DNK,2015,,703.0
DOM,2015,,1410.0
DZA,2015,,89.0
EAP,2015,,
EAR,2015,,
EAS,2015,,
ECA,2015,,
ECS,2015,,
ECU,2015,,2274.0
EGY,2015,,18.1
EMU,2015,,
ERI,2015,,384.0
ESP,2015,,636.0
EST,2015,,626.0
ETH,2015,,848.0
EUU,2015,,
FCS,2015,,
FIN,2015,,536.0
FJI,2015,,2592.0
FRA,2015,,867.0
FRO,2015,,
FSM,2015,,
GAB,2015,,1831.0
GBR,2015,,1220.0
GEO,2015,,1026.0
GHA,2015,,1187.0
GIB,2015,,
GIN,2015,,1651.0
GMB,2015,,836.0
GNB,2015,,1577.0
GNQ,2015,,2156.0
GRC,2015,,652.0
GRD,2015,,2350.0
GRL,2015,,
GTM,2015,,1996.0
GUM,2015,,
GUY,2015,,2387.0
HIC,2015,,
HKG,2015,,
HND,2015,,1976.0
HPC,2015,,
HRV,2015,,1113.0
HTI,2015,,1440.0
HUN,2015,,589.0
IBD,2015,,
IBT,2015,,
IDA,2015,,
IDB,2015,,
IDN,2015,,2702.0
IDX,2015,,
IMN,2015,,
IND,2015,,1083.0
INX,2015,,
IRL,2015,,1118.0
IRN,2015,,228.0
IRQ,2015,,216.0
ISL,2015,,1940.0
ISR,2015,,435.0
ITA,2015,,832.0
JAM,2015,,2051.0
JOR,2015,,111.0
JPN,2015,,1668.0
KAZ,2015,,250.0
KEN,2015,,630.0
KGZ,2015,,533.0
KHM,2015,,1904.0
KIR,2015,,
KNA,2015,,1427.0
KOR,2015,,1274.0
KWT,2015,,121.0
LAC,2015,,
LAO,2015,,1834.0
LBN,2015,,661.0
LBR,2015,,2391.0
LBY,2015,,56.0
LCA,2015,,2301.0
LCN,2015,,
LDC,2015,,
LIC,2015,,
LIE,2015,,
LKA,2015,,1712.0
LMC,2015,,
LMY,2015,,
LSO,2015,,788.0
LTE,2015,,
LTU,2015,,656.0
LUX,2015,,934.0
LVA,2015,,667.0
MAC,2015,,
MAF,2015,,
MAR,2015,,346.0
MCO,2015,,
MDA,2015,,450.0
MDG,2015,,1513.0
MDV,2015,,1972.0
MEA,2015,,
MEX,2015,,758.0
MHL,2015,,
MIC,2015,,
MKD,2015,,619.0
MLI,2015,,282.0
MLT,2015,,560.0
MMR,2015,,2091.0
MNA,2015,,
MNE,2015,,
MNG,2015,,241.0
MNP,2015,,
MOZ,2015,,1032.0
MRT,2015,,92.0
MUS,2015,,2041.0
MWI,2015,,1181.0
MYS,2015,,2875.0
NAC,2015,,
NAM,2015,,285.0
NCL,2015,,
NER,2015,,151.0
NGA,2015,,1150.0
NIC,2015,,2280.0
NLD,2015,,778.0
NOR,2015,,1414.0
NPL,2015,,1500.0
NRU,2015,,
NZL,2015,,1732.0
OED,2015,,
OMN,2015,,125.0
OSS,2015,,
PAK,2015,,494.0
PAN,2015,,2928.0
PER,2015,,1738.0
PHL,2015,,2348.0
PLW,2015,,
PNG,2015,,3142.0
POL,2015,,600.0
PRE,2015,,
PRI,2015,,2054.0
PRK,2015,,1054.0
PRT,2015,,854.0
PRY,2015,,1130.0
PSE,2015,,402.0
PSS,2015,,
PST,2015,,
PYF,2015,,
QAT,2015,,74.0
ROU,2015,,637.0
RUS,2015,,460.0
RWA,2015,,1212.0
SAS,2015,,
SAU,2015,,59.0
SDN,2015,,250.0
SEN,2015,,686.0
SGP,2015,,2497.0
SLB,2015,,3028.0
SLE,2015,,2526.0
SLV,2015,,1784.0
SMR,2015,,
SOM,2015,,282.0
SRB,2015,,
SSA,2015,,
SSD,2015,,900.0
SSF,2015,,
SST,2015,,
STP,2015,,3200.0
SUR,2015,,2331.0
SVK,2015,,824.0
SVN,2015,,1162.0
SWE,2015,,624.0
SWZ,2015,,788.0
SXM,2015,,
SYC,2015,,2330.0
SYR,2015,,252.0
TCA,2015,,
TCD,2015,,322.0
TEA,2015,,
TEC,2015,,
TGO,2015,,1168.0
THA,2015,,1622.0
TJK,2015,,691.0
TKM,2015,,161.0
TLA,2015,,
TLS,2015,,1500.0
TMN,2015,,
TON,2015,,
TSA,2015,,
TSS,2015,,
TTO,2015,,2200.0
TUN,2015,,207.0
TUR,2015,,593.0
TUV,2015,,
TZA,2015,,1071.0
UGA,2015,,1180.0
UKR,2015,,565.0
UMC,2015,,
URY,2015,,1300.0
USA,2015,,715.0
UZB,2015,,206.0
VCT,2015,,1583.0
VEN,2015,,2044.0
VGB,2015,,
VIR,2015,,
VNM,2015,,1821.0
VUT,2015,,2000.0
WLD,2015,,
WSM,2015,,2880.0
XKX,2015,,
YEM,2015,,167.0
ZAF,2015,,495.0
ZMB,2015,,1020.0
ZWE,2015,,657.0
ABW,2016,,
AFE,2016,,
AFG,2016,,327.0
AFW,2016,,
AGO,2016,,1010.0
ALB,2016,,1485.0
AND,2016,,
ARB,2016,,
ARE,2016,,78.0
ARG,2016,,591.0
ARM,2016,,562.0
ASM,2016,,
ATG,2016,,1030.0
AUS,2016,,534.0
AUT,2016,,1110.0
AZE,2016,,447.0
BDI,2016,,1274.0
BEL,2016,,847.0
BEN,2016,,1039.0
BFA,2016,,748.0
BGD,2016,,2666.0
BGR,2016,,608.0
BHR,2016,,83.0
BHS,2016,,1292.0
BIH,2016,,1028.0
BLR,2016,,618.0
BLZ,2016,,1705.0
BMU,2016,,
BOL,2016,,1146.0
BRA,2016,,1761.0
BRB,2016,,1422.0
BRN,2016,,2722.0
BTN,2016,,2200.0
BWA,2016,,416.0
CAF,2016,,1343.0
CAN,2016,,537.0
CEB,2016,,
CHE,2016,,1537.0
CHI,2016,,
CHL,2016,,1522.0
CHN,2016,,645.0
CIV,2016,,1348.0
CMR,2016,,1604.0
COD,2016,,1543.0
COG,2016,,1646.0
COL,2016,,3240.0
COM,2016,,900.0
CPV,2016,,228.0
CRI,2016,,2926.0
CSS,2016,,
CUB,2016,,1335.0
CUW,2016,,
CYM,2016,,
CYP,2016,,498.0
CZE,2016,,677.0
DEU,2016,,700.0
DJI,2016,,220.0
DMA,2016,,2083.0
DNK,2016,,703.0
DOM,2016,,1410.0
DZA,2016,,89.0
EAP,2016,,
EAR,2016,,
EAS,2016,,
ECA,2016,,
ECS,2016,,
ECU,2016,,2274.0
EGY,2016,,18.1
EMU,2016,,
ERI,2016,,384.0
ESP,2016,,636.0
EST,2016,,626.0
ETH,2016,,848.0
EUU,2016,,
FCS,2016,,
FIN,2016,,536.0
FJI,2016,,2592.0
FRA,2016,,867.0
FRO,2016,,
FSM,2016,,
GAB,2016,,1831.0
GBR,2016,,1220.0
GEO,2016,,1026.0
GHA,2016,,1187.0
GIB,2016,,
GIN,2016,,1651.0
GMB,2016,,836.0
GNB,2016,,1577.0
GNQ,2016,,2156.0
GRC,2016,,652.0
GRD,2016,,2350.0
GRL,2016,,
GTM,2016,,1996.0
GUM,2016,,
GUY,2016,,2387.0
HIC,2016,,
HKG,2016,,
HND,2016,,1976.0
HPC,2016,,
HRV,2016,,1113.0
HTI,2016,,1440.0
HUN,2016,,589.0
IBD,2016,,
IBT,2016,,
IDA,2016,,
IDB,2016,,
IDN,2016,,2702.0
IDX,2016,,
IMN,2016,,
IND,2016,,1083.0
INX,2016,,
IRL,2016,,1118.0
IRN,2016,,228.0
IRQ,2016,,216.0
ISL,2016,,1940.0
ISR,2016,,435.0
ITA,2016,,832.0
JAM,2016,,2051.0
JOR,2016,,111.0
JPN,2016,,1668.0
KAZ,2016,,250.0
KEN,2016,,630.0
KGZ,2016,,533.0
KHM,2016,,1904.0
KIR,2016,,
KNA,2016,,1427.0
KOR,2016,,1274.0
KWT,2016,,121.0
LAC,2016,,
LAO,2016,,1834.0
LBN,2016,,661.0
LBR,2016,,2391.0
LBY,2016,,56.0
LCA,2016,,2301.0
LCN,2016,,
LDC,2016,,
LIC,2016,,
LIE,2016,,
LKA,2016,,1712.0
LMC,2016,,
LMY,2016,,
LSO,2016,,788.0
LTE,2016,,
LTU,2016,,656.0
LUX,2016,,934.0
LVA,2016,,667.0
MAC,2016,,
MAF,2016,,
MAR,2016,,346.0
MCO,2016,,
MDA,2016,,450.0
MDG,2016,,1513.0
MDV,2016,,1972.0
MEA,2016,,
MEX,2016,,758.0
MHL,2016,,
MIC,2016,,
MKD,2016,,619.0
MLI,2016,,282.0
MLT,2016,,560.0
MMR,2016,,2091.0
MNA,2016,,
MNE,2016,,
MNG,2016,,241.0
MNP,2016,,
MOZ,2016,,1032.0
MRT,2016,,92.0
MUS,2016,,2041.0
MWI,2016,,1181.0
MYS,2016,,2875.0
NAC,2016,,
NAM,2016,,285.0
NCL,2016,,
NER,2016,,151.0
NGA,2016,,1150.0
NIC,2016,,2280.0
NLD,2016,,778.0
NOR,2016,,1414.0
NPL,2016,,1500.0
NRU,2016,,
NZL,2016,,1732.0
OED,2016,,
OMN,2016,,125.0
OSS,2016,,
PAK,2016,,494.0
PAN,2016,,2928.0
PER,2016,,1738.0
PHL,2016,,2348.0
PLW,2016,,
PNG,2016,,3142.0
POL,2016,,600.0
PRE,2016,,
PRI,2016,,2054.0
PRK,2016,,1054.0
PRT,2016,,854.0
PRY,2016,,1130.0
PSE,2016,,402.0
PSS,2016,,
PST,2016,,
PYF,2016,,
QAT,2016,,74.0
ROU,2016,,637.0
RUS,2016,,460.0
RWA,2016,,1212.0
SAS,2016,,
SAU,2016,,59.0
SDN,2016,,250.0
SEN,2016,,686.0
SGP,2016,,2497.0
SLB,2016,,3028.0
SLE,2016,,2526.0
SLV,2016,,1784.0
SMR,2016,,
SOM,2016,,282.0
SRB,2016,,
SSA,2016,,
SSD,2016,,900.0
SSF,2016,,
SST,2016,,
STP,2016,,3200.0
SUR,2016,,2331.0
SVK,2016,,824.0
SVN,2016,,1162.0
SWE,2016,,624.0
SWZ,2016,,788.0
SXM,2016,,
SYC,2016,,2330.0
SYR,2016,,252.0
TCA,2016,,
TCD,2016,,322.0
TEA,2016,,
TEC,2016,,
TGO,2016,,1168.0
THA,2016,,1622.0
TJK,2016,,691.0
TKM,2016,,161.0
TLA,2016,,
TLS,2016,,1500.0
TMN,2016,,
TON,2016,,
TSA,2016,,
TSS,2016,,
TTO,2016,,2200.0
TUN,2016,,207.0
TUR,2016,,593.0
TUV,2016,,
TZA,2016,,1071.0
UGA,2016,,1180.0
UKR,2016,,565.0
UMC,2016,,
URY,2016,,1300.0
USA,2016,,715.0
UZB,2016,,206.0
VCT,2016,,1583.0
VEN,2016,,2044.0
VGB,2016,,
VIR,2016,,
VNM,2016,,1821.0
VUT,2016,,2000.0
WLD,2016,,
WSM,2016,,2880.0
XKX,2016,,
YEM,2016,,167.0
ZAF,2016,,495.0
ZMB,2016,,1020.0
ZWE,2016,,657.0
ABW,2017,,
AFE,2017,,
AFG,2017,,327.0
AFW,2017,,
AGO,2017,,1010.0
ALB,2017,,1485.0
AND,2017,,
ARB,2017,,
ARE,2017,,78.0
ARG,2017,,591.0
ARM,2017,,562.0
ASM,2017,,
ATG,2017,,1030.0
AUS,2017,,534.0
AUT,2017,,1110.0
AZE,2017,,447.0
BDI,2017,,1274.0
BEL,2017,,847.0
BEN,2017,,1039.0
BFA,2017,,748.0
BGD,2017,,2666.0
BGR,2017,,608.0
BHR,2017,,83.0
BHS,2017,,1292.0
BIH,2017,,1028.0
BLR,2017,,618.0
BLZ,2017,,1705.0
BMU,2017,,
BOL,2017,,1146.0
BRA,2017,,1761.0
BRB,2017,,1422.0
BRN,2017,,2722.0
BTN,2017,,2200.0
BWA,2017,,416.0
CAF,2017,,1343.0
CAN,2017,,537.0
CEB,2017,,
CHE,2017,,1537.0
CHI,2017,,
CHL,2017,,1522.0
CHN,2017,,645.0
CIV,2017,,1348.0
CMR,2017,,1604.0
COD,2017,,1543.0
COG,2017,,1646.0
COL,2017,,3240.0
COM,2017,,900.0
CPV,2017,,228.0
CRI,2017,,2926.0
CSS,2017,,
CUB,2017,,1335.0
CUW,2017,,
CYM,2017,,
CYP,2017,,498.0
CZE,2017,,677.0
DEU,2017,,700.0
DJI,2017,,220.0
DMA,2017,,2083.0
DNK,2017,,703.0
DOM,2017,,1410.0
DZA,2017,,89.0
EAP,2017,,
EAR,2017,,
EAS,2017,,
ECA,2017,,
ECS,2017,,
ECU,2017,,2274.0
EGY,2017,,18.1
EMU,2017,,
ERI,2017,,384.0
ESP,2017,,636.0
EST,2017,,626.0
ETH,2017,,848.0
EUU,2017,,
FCS,2017,,
FIN,2017,,536.0
FJI,2017,,2592.0
FRA,2017,,867.0
FRO,2017,,
FSM,2017,,
GAB,2017,,1831.0
GBR,2017,,1220.0
GEO,2017,,1026.0
GHA,2017,,1187.0
GIB,2017,,
GIN,2017,,1651.0
GMB,2017,,836.0
GNB,2017,,1577.0
GNQ,2017,,2156.0
GRC,2017,,652.0
GRD,2017,,2350.0
GRL,2017,,
GTM,2017,,1996.0
GUM,2017,,
GUY,2017,,2387.0
HIC,2017,,
HKG,2017,,
HND,2017,,1976.0
HPC,2017,,
HRV,2017,,1113.0
HTI,2017,,1440.0
HUN,2017,,589.0
IBD,2017,,
IBT,2017,,
IDA,2017,,
IDB,2017,,
IDN,2017,,2702.0
IDX,2017,,
IMN,2017,,
IND,2017,,1083.0
INX,2017,,
IRL,2017,,1118.0
IRN,2017,,228.0
IRQ,2017,,216.0
ISL,2017,,1940.0
ISR,2017,,435.0
ITA,2017,,832.0
JAM,2017,,2051.0
JOR,2017,,111.0
JPN,2017,,1668.0
KAZ,2017,,250.0
KEN,2017,,630.0
KGZ,2017,,533.0
KHM,2017,,1904.0
KIR,2017,,
KNA,2017,,1427.0
KOR,2017,,1274.0
KWT,2017,,121.0
LAC,2017,,
LAO,2017,,1834.0
LBN,2017,,661.0
LBR,2017,,2391.0
LBY,2017,,56.0
LCA,2017,,2301.0
LCN,2017,,
LDC,2017,,
LIC,2017,,
LIE,2017,,
LKA,2017,,1712.0
LMC,2017,,
LMY,2017,,
LSO,2017,,788.0
LTE,2017,,
LTU,2017,,656.0
LUX,2017,,934.0
LVA,2017,,667.0
MAC,2017,,
MAF,2017,,
MAR,2017,,346.0
MCO,2017,,
MDA,2017,,450.0
MDG,2017,,1513.0
MDV,2017,,1972.0
MEA,2017,,
MEX,2017,,758.0
MHL,2017,,
MIC,2017,,
MKD,2017,,619.0
MLI,2017,,282.0
MLT,2017,,560.0
MMR,2017,,2091.0
MNA,2017,,
MNE,2017,,
MNG,2017,,241.0
MNP,2017,,
MOZ,2017,,1032.0
MRT,2017,,92.0
MUS,2017,,2041.0
MWI,2017,,1181.0
MYS,2017,,2875.0
NAC,2017,,
NAM,2017,,285.0
NCL,2017,,
NER,2017,,151.0
NGA,2017,,1150.0
NIC,2017,,2280.0
NLD,2017,,778.0
NOR,2017,,1414.0
NPL,2017,,1500.0
NRU,2017,,
NZL,2017,,1732.0
OED,2017,,
OMN,2017,,125.0
OSS,2017,,
PAK,2017,,494.0
PAN,2017,,2928.0
PER,2017,,1738.0
PHL,2017,,2348.0
PLW,2017,,
PNG,2017,,3142.0
POL,2017,,600.0
PRE,2017,,
PRI,2017,,2054.0
PRK,2017,,1054.0
PRT,2017,,854.0
PRY,2017,,1130.0
PSE,2017,,402.0
PSS,2017,,
PST,2017,,
PYF,2017,,
QAT,2017,,74.0
ROU,2017,,637.0
RUS,2017,,460.0
RWA,2017,,1212.0
SAS,2017,,
SAU,2017,,59.0
SDN,2017,,250.0
SEN,2017,,686.0
SGP,2017,,2497.0
SLB,2017,,3028.0
SLE,2017,,2526.0
SLV,2017,,1784.0
SMR,2017,,
SOM,2017,,282.0
SRB,2017,,
SSA,2017,,
SSD,2017,,900.0
SSF,2017,,
SST,2017,,
STP,2017,,3200.0
SUR,2017,,2331.0
SVK,2017,,824.0
SVN,2017,,1162.0
SWE,2017,,624.0
SWZ,2017,,788.0
SXM,2017,,
SYC,2017,,2330.0
SYR,2017,,252.0
TCA,2017,,
TCD,2017,,322.0
TEA,2017,,
TEC,2017,,
TGO,2017,,1168.0
THA,2017,,1622.0
TJK,2017,,691.0
TKM,2017,,161.0
TLA,2017,,
TLS,2017,,1500.0
TMN,2017,,
TON,2017,,
TSA,2017,,
TSS,2017,,
TTO,2017,,2200.0
TUN,2017,,207.0
TUR,2017,,593.0
TUV,2017,,
TZA,2017,,1071.0
UGA,2017,,1180.0
UKR,2017,,565.0
UMC,2017,,
URY,2017,,1300.0
USA,2017,,715.0
UZB,2017,,206.0
VCT,2017,,1583.0
VEN,2017,,2044.0
VGB,2017,,
VIR,2017,,
VNM,2017,,1821.0
VUT,2017,,2000.0
WLD,2017,,
WSM,2017,,2880.0
XKX,2017,,
YEM,2017,,167.0
ZAF,2017,,495.0
ZMB,2017,,1020.0
ZWE,2017,,657.0
ABW,2018,,
AFE,2018,,
AFG,2018,,327.0
AFW,2018,,
AGO,2018,,1010.0
ALB,2018,,1485.0
AND,2018,,
ARB,2018,,
ARE,2018,,78.0
ARG,2018,,591.0
ARM,2018,,562.0
ASM,2018,,
ATG,2018,,1030.0
AUS,2018,,534.0
AUT,2018,,1110.0
AZE,2018,,447.0
BDI,2018,,1274.0
BEL,2018,,847.0
BEN,2018,,1039.0
BFA,2018,,748.0
BGD,2018,,2666.0
BGR,2018,,608.0
BHR,2018,,83.0
BHS,2018,,1292.0
BIH,2018,,1028.0
BLR,2018,,618.0
BLZ,2018,,1705.0
BMU,2018,,
BOL,2018,,1146.0
BRA,2018,,1761.0
BRB,2018,,1422.0
BRN,2018,,2722.0
BTN,2018,,2200.0
BWA,2018,,416.0
CAF,2018,,1343.0
CAN,2018,,537.0
CEB,2018,,
CHE,2018,,1537.0
CHI,2018,,
CHL,2018,,1522.0
CHN,2018,,645.0
CIV,2018,,1348.0
CMR,2018,,1604.0
COD,2018,,1543.0
COG,2018,,1646.0
COL,2018,,3240.0
COM,2018,,900.0
CPV,2018,,228.0
CRI,2018,,2926.0
CSS,2018,,
CUB,2018,,1335.0
CUW,2018,,
CYM,2018,,
CYP,2018,,498.0
CZE,2018,,677.0
DEU,2018,,700.0
DJI,2018,,220.0
DMA,2018,,2083.0
DNK,2018,,703.0
DOM,2018,,1410.0
DZA,2018,,89.0
EAP,2018,,
EAR,2018,,
EAS,2018,,
ECA,2018,,
ECS,2018,,
ECU,2018,,2274.0
EGY,2018,,18.1
EMU,2018,,
ERI,2018,,384.0
ESP,2018,,636.0
EST,2018,,626.0
ETH,2018,,848.0
EUU,2018,,
FCS,2018,,
FIN,2018,,536.0
FJI,2018,,2592.0
FRA,2018,,867.0
FRO,2018,,
FSM,2018,,
GAB,2018,,1831.0
GBR,2018,,1220.0
GEO,2018,,1026.0
GHA,2018,,1187.0
GIB,2018,,
GIN,2018,,1651.0
GMB,2018,,836.0
GNB,2018,,1577.0
GNQ,2018,,2156.0
GRC,2018,,652.0
GRD,2018,,2350.0
GRL,2018,,
GTM,2018,,1996.0
GUM,2018,,
GUY,2018,,2387.0
HIC,2018,,
HKG,2018,,
HND,2018,,1976.0
HPC,2018,,
HRV,2018,,1113.0
HTI,2018,,1440.0
HUN,2018,,589.0
IBD,2018,,
IBT,2018,,
IDA,2018,,
IDB,2018,,
IDN,2018,,2702.0
IDX,2018,,
IMN,2018,,
IND,2018,,1083.0
INX,2018,,
IRL,2018,,1118.0
IRN,2018,,228.0
IRQ,2018,,216.0
ISL,2018,,1940.0
ISR,2018,,435.0
ITA,2018,,832.0
JAM,2018,,2051.0
JOR,2018,,111.0
JPN,2018,,1668.0
KAZ,2018,,250.0
KEN,2018,,630.0
KGZ,2018,,533.0
KHM,2018,,1904.0
KIR,2018,,
KNA,2018,,1427.0
KOR,2018,,1274.0
KWT,2018,,121.0
LAC,2018,,
LAO,2018,,1834.0
LBN,2018,,661.0
LBR,2018,,2391.0
LBY,2018,,56.0
LCA,2018,,2301.0
LCN,2018,,
LDC,2018,,
LIC,2018,,
LIE,2018,,
LKA,2018,,1712.0
LMC,2018,,
LMY,2018,,
LSO,2018,,788.0
LTE,2018,,
LTU,2018,,656.0
LUX,2018,,934.0
LVA,2018,,667.0
MAC,2018,,
MAF,2018,,
MAR,2018,,346.0
MCO,2018,,
MDA,2018,,450.0
MDG,2018,,1513.0
MDV,2018,,1972.0
MEA,2018,,
MEX,2018,,758.0
MHL,2018,,
MIC,2018,,
MKD,2018,,619.0
MLI,2018,,282.0
MLT,2018,,560.0
MMR,2018,,2091.0
MNA,2018,,
MNE,2018,,
MNG,2018,,241.0
MNP,2018,,
MOZ,2018,,1032.0
MRT,2018,,92.0
MUS,2018,,2041.0
MWI,2018,,1181.0
MYS,2018,,2875.0
NAC,2018,,
NAM,2018,,285.0
NCL,2018,,
NER,2018,,151.0
NGA,2018,,1150.0
NIC,2018,,2280.0
NLD,2018,,778.0
NOR,2018,,1414.0
NPL,2018,,1500.0
NRU,2018,,
NZL,2018,,1732.0
OED,2018,,
OMN,2018,,125.0
OSS,2018,,
PAK,2018,,494.0
PAN,2018,,2928.0
PER,2018,,1738.0
PHL,2018,,2348.0
PLW,2018,,
PNG,2018,,3142.0
POL,2018,,600.0
PRE,2018,,
PRI,2018,,2054.0
PRK,2018,,1054.0
PRT,2018,,854.0
PRY,2018,,1130.0
PSE,2018,,402.0
PSS,2018,,
PST,2018,,
PYF,2018,,
QAT,2018,,74.0
ROU,2018,,637.0
RUS,2018,,460.0
RWA,2018,,1212.0
SAS,2018,,
SAU,2018,,59.0
SDN,2018,,250.0
SEN,2018,,686.0
SGP,2018,,2497.0
SLB,2018,,3028.0
SLE,2018,,2526.0
SLV,2018,,1784.0
SMR,2018,,
SOM,2018,,282.0
SRB,2018,,
SSA,2018,,
SSD,2018,,900.0
SSF,2018,,
SST,2018,,
STP,2018,,3200.0
SUR,2018,,2331.0
SVK,2018,,824.0
SVN,2018,,1162.0
SWE,2018,,624.0
SWZ,2018,,788.0
SXM,2018,,
SYC,2018,,2330.0
SYR,2018,,252.0
TCA,2018,,
TCD,2018,,322.0
TEA,2018,,
TEC,2018,,
TGO,2018,,1168.0
THA,2018,,1622.0
TJK,2018,,691.0
TKM,2018,,161.0
TLA,2018,,
TLS,2018,,1500.0
TMN,2018,,
TON,2018,,
TSA,2018,,
TSS,2018,,
TTO,2018,,2200.0
TUN,2018,,207.0
TUR,2018,,593.0
TUV,2018,,
TZA,2018,,1071.0
UGA,2018,,1180.0
UKR,2018,,565.0
UMC,2018,,
URY,2018,,1300.0
USA,2018,,715.0
UZB,2018,,206.0
VCT,2018,,1583.0
VEN,2018,,2044.0
VGB,2018,,
VIR,2018,,
VNM,2018,,1821.0
VUT,2018,,2000.0
WLD,2018,,
WSM,2018,,2880.0
XKX,2018,,
YEM,2018,,167.0
ZAF,2018,,495.0
ZMB,2018,,1020.0
ZWE,2018,,657.0
ABW,2019,,
AFE,2019,,
AFG,2019,,327.0
AFW,2019,,
AGO,2019,,1010.0
ALB,2019,,1485.0
AND,2019,,
ARB,2019,,
ARE,2019,,78.0
ARG,2019,,591.0
ARM,2019,,562.0
ASM,2019,,
ATG,2019,,1030.0
AUS,2019,,534.0
AUT,2019,,1110.0
AZE,2019,,447.0
BDI,2019,,1274.0
BEL,2019,,847.0
BEN,2019,,1039.0
BFA,2019,,748.0
BGD,2019,,2666.0
BGR,2019,,608.0
BHR,2019,,83.0
BHS,2019,,1292.0
BIH,2019,,1028.0
BLR,2019,,618.0
BLZ,2019,,1705.0
BMU,2019,,
BOL,2019,,1146.0
BRA,2019,,1761.0
BRB,2019,,1422.0
BRN,2019,,2722.0
BTN,2019,,2200.0
BWA,2019,,416.0
CAF,2019,,1343.0
CAN,2019,,537.0
CEB,2019,,
CHE,2019,,1537.0
CHI,2019,,
CHL,2019,,1522.0
CHN,2019,,645.0
CIV,2019,,1348.0
CMR,2019,,1604.0
COD,2019,,1543.0
COG,2019,,1646.0
COL,2019,,3240.0
COM,2019,,900.0
CPV,2019,,228.0
CRI,2019,,2926.0
CSS,2019,,
CUB,2019,,1335.0
CUW,2019,,
CYM,2019,,
CYP,2019,,498.0
CZE,2019,,677.0
DEU,2019,,700.0
DJI,2019,,220.0
DMA,2019,,2083.0
DNK,2019,,703.0
DOM,2019,,1410.0
DZA,2019,,89.0
EAP,2019,,
EAR,2019,,
EAS,2019,,
ECA,2019,,
ECS,2019,,
ECU,2019,,2274.0
EGY,2019,,18.1
EMU,2019,,
ERI,2019,,384.0
ESP,2019,,636.0
EST,2019,,626.0
ETH,2019,,848.0
EUU,2019,,
FCS,2019,,
FIN,2019,,536.0
FJI,2019,,2592.0
FRA,2019,,867.0
FRO,2019,,
FSM,2019,,
GAB,2019,,1831.0
GBR,2019,,1220.0
GEO,2019,,1026.0
GHA,2019,,1187.0
GIB,2019,,
GIN,2019,,1651.0
GMB,2019,,836.0
GNB,2019,,1577.0
GNQ,2019,,2156.0
GRC,2019,,652.0
GRD,2019,,2350.0
GRL,2019,,
GTM,2019,,1996.0
GUM,2019,,
GUY,2019,,2387.0
HIC,2019,,
HKG,2019,,
HND,2019,,1976.0
HPC,2019,,
HRV,2019,,1113.0
HTI,2019,,1440.0
HUN,2019,,589.0
IBD,2019,,
IBT,2019,,
IDA,2019,,
IDB,2019,,
IDN,2019,,2702.0
IDX,2019,,
IMN,2019,,
IND,2019,,1083.0
INX,2019,,
IRL,2019,,1118.0
IRN,2019,,228.0
IRQ,2019,,216.0
ISL,2019,,1940.0
ISR,2019,,435.0
ITA,2019,,832.0
JAM,2019,,2051.0
JOR,2019,,111.0
JPN,2019,,1668.0
KAZ,2019,,250.0
KEN,2019,,630.0
KGZ,2019,,533.0
KHM,2019,,1904.0
KIR,2019,,
KNA,2019,,1427.0
KOR,2019,,1274.0
KWT,2019,,121.0
LAC,2019,,
LAO,2019,,1834.0
LBN,2019,,661.0
LBR,2019,,2391.0
LBY,2019,,56.0
LCA,2019,,2301.0
LCN,2019,,
LDC,2019,,
LIC,2019,,
LIE,2019,,
LKA,2019,,1712.0
LMC,2019,,
LMY,2019,,
LSO,2019,,788.0
LTE,2019,,
LTU,2019,,656.0
LUX,2019,,934.0
LVA,2019,,667.0
MAC,2019,,
MAF,2019,,
MAR,2019,,346.0
MCO,2019,,
MDA,2019,,450.0
MDG,2019,,1513.0
MDV,2019,,1972.0
MEA,2019,,
MEX,2019,,758.0
MHL,2019,,
MIC,2019,,
MKD,2019,,619.0
MLI,2019,,282.0
MLT,2019,,560.0
MMR,2019,,2091.0
MNA,2019,,
MNE,2019,,
MNG,2019,,241.0
MNP,2019,,
MOZ,2019,,1032.0
MRT,2019,,92.0
MUS,2019,,2041.0
MWI,2019,,1181.0
MYS,2019,,2875.0
NAC,2019,,
NAM,2019,,285.0
NCL,2019,,
NER,2019,,151.0
NGA,2019,,1150.0
NIC,2019,,2280.0
NLD,2019,,778.0
NOR,2019,,1414.0
NPL,2019,,1500.0
NRU,2019,,
NZL,2019,,1732.0
OED,2019,,
OMN,2019,,125.0
OSS,2019,,
PAK,2019,,494.0
PAN,2019,,2928.0
PER,2019,,1738.0
PHL,2019,,2348.0
PLW,2019,,
PNG,2019,,3142.0
POL,2019,,600.0
PRE,2019,,
PRI,2019,,2054.0
PRK,2019,,1054.0
PRT,2019,,854.0
PRY,2019,,1130.0
PSE,2019,,402.0
PSS,2019,,
PST,2019,,
PYF,2019,,
QAT,2019,,74.0
ROU,2019,,637.0
RUS,2019,,460.0
RWA,2019,,1212.0
SAS,2019,,
SAU,2019,,59.0
SDN,2019,,250.0
SEN,2019,,686.0
SGP,2019,,2497.0
SLB,2019,,3028.0
SLE,2019,,2526.0
SLV,2019,,1784.0
SMR,2019,,
SOM,2019,,282.0
SRB,2019,,
SSA,2019,,
SSD,2019,,900.0
SSF,2019,,
SST,2019,,
STP,2019,,3200.0
SUR,2019,,2331.0
SVK,2019,,824.0
SVN,2019,,1162.0
SWE,2019,,624.0
SWZ,2019,,788.0
SXM,2019,,
SYC,2019,,2330.0
SYR,2019,,252.0
TCA,2019,,
TCD,2019,,322.0
TEA,2019,,
TEC,2019,,
TGO,2019,,1168.0
THA,2019,,1622.0
TJK,2019,,691.0
TKM,2019,,161.0
TLA,2019,,
TLS,2019,,1500.0
TMN,2019,,
TON,2019,,
TSA,2019,,
TSS,2019,,
TTO,2019,,2200.0
TUN,2019,,207.0
TUR,2019,,593.0
TUV,2019,,
TZA,2019,,1071.0
UGA,2019,,1180.0
UKR,2019,,565.0
UMC,2019,,
URY,2019,,1300.0
USA,2019,,715.0
UZB,2019,,206.0
VCT,2019,,1583.0
VEN,2019,,2044.0
VGB,2019,,
VIR,2019,,
VNM,2019,,1821.0
VUT,2019,,2000.0
WLD,2019,,
WSM,2019,,2880.0
XKX,2019,,
YEM,2019,,167.0
ZAF,2019,,495.0
ZMB,2019,,1020.0
ZWE,2019,,657.0
ABW,2020,,
AFE,2020,,
AFG,2020,,327.0
AFW,2020,,
AGO,2020,,1010.0
ALB,2020,,1485.0
AND,2020,,
ARB,2020,,
ARE,2020,,78.0
ARG,2020,,591.0
ARM,2020,,562.0
ASM,2020,,
ATG,2020,,1030.0
AUS,2020,,534.0
AUT,2020,,1110.0
AZE,2020,,447.0
BDI,2020,,1274.0
BEL,2020,,847.0
BEN,2020,,1039.0
BFA,2020,,748.0
BGD,2020,,2666.0
BGR,2020,,608.0
BHR,2020,,83.0
BHS,2020,,1292.0
BIH,2020,,1028.0
BLR,2020,,618.0
BLZ,2020,,1705.0
BMU,2020,,
BOL,2020,,1146.0
BRA,2020,,1761.0
BRB,2020,,1422.0
BRN,2020,,2722.0
BTN,2020,,2200.0
BWA,2020,,416.0
CAF,2020,,1343.0
CAN,2020,,537.0
CEB,2020,,
CHE,2020,,1537.0
CHI,2020,,
CHL,2020,,1522.0
CHN,2020,,645.0
CIV,2020,,1348.0
CMR,2020,,1604.0
COD,2020,,1543.0
COG,2020,,1646.0
COL,2020,,3240.0
COM,2020,,900.0
CPV,2020,,228.0
CRI,2020,,2926.0
CSS,2020,,
CUB,2020,,1335.0
CUW,2020,,
CYM,2020,,
CYP,2020,,498.0
CZE,2020,,677.0
DEU,2020,,700.0
DJI,2020,,220.0
DMA,2020,,2083.0
DNK,2020,,703.0
DOM,2020,,1410.0
DZA,2020,,89.0
EAP,2020,,
EAR,2020,,
EAS,2020,,
ECA,2020,,
ECS,2020,,
ECU,2020,,2274.0
EGY,2020,,18.1
EMU,2020,,
ERI,2020,,384.0
ESP,2020,,636.0
EST,2020,,626.0
ETH,2020,,848.0
EUU,2020,,
FCS,2020,,
FIN,2020,,536.0
FJI,2020,,2592.0
FRA,2020,,867.0
FRO,2020,,
FSM,2020,,
GAB,2020,,1831.0
GBR,2020,,1220.0
GEO,2020,,1026.0
GHA,2020,,1187.0
GIB,2020,,
GIN,2020,,1651.0
GMB,2020,,836.0
GNB,2020,,1577.0
GNQ,2020,,2156.0
GRC,2020,,652.0
GRD,2020,,2350.0
GRL,2020,,
GTM,2020,,1996.0
GUM,2020,,
GUY,2020,,2387.0
HIC,2020,,
HKG,2020,,
HND,2020,,1976.0
HPC,2020,,
HRV,2020,,1113.0
HTI,2020,,1440.0
HUN,2020,,589.0
IBD,2020,,
IBT,2020,,
IDA,2020,,
IDB,2020,,
IDN,2020,,2702.0
IDX,2020,,
IMN,2020,,
IND,2020,,1083.0
INX,2020,,
IRL,2020,,1118.0
IRN,2020,,228.0
IRQ,2020,,216.0
ISL,2020,,1940.0
ISR,2020,,435.0
ITA,2020,,832.0
JAM,2020,,2051.0
JOR,2020,,111.0
JPN,2020,,1668.0
KAZ,2020,,250.0
KEN,2020,,630.0
KGZ,2020,,533.0
KHM,2020,,1904.0
KIR,2020,,
KNA,2020,,1427.0
KOR,2020,,1274.0
KWT,2020,,121.0
LAC,2020,,
LAO,2020,,1834.0
LBN,2020,,661.0
LBR,2020,,2391.0
LBY,2020,,56.0
LCA,2020,,2301.0
LCN,2020,,
LDC,2020,,
LIC,2020,,
LIE,2020,,
LKA,2020,,1712.0
LMC,2020,,
LMY,2020,,
LSO,2020,,788.0
LTE,2020,,
LTU,2020,,656.0
LUX,2020,,934.0
LVA,2020,,667.0
MAC,2020,,
MAF,2020,,
MAR,2020,,346.0
MCO,2020,,
MDA,2020,,450.0
MDG,2020,,1513.0
MDV,2020,,1972.0
MEA,2020,,
MEX,2020,,758.0
MHL,2020,,
MIC,2020,,
MKD,2020,,619.0
MLI,2020,,282.0
MLT,2020,,560.0
MMR,2020,,2091.0
MNA,2020,,
MNE,2020,,
MNG,2020,,241.0
MNP,2020,,
MOZ,2020,,1032.0
MRT,2020,,92.0
MUS,2020,,2041.0
MWI,2020,,1181.0
MYS,2020,,2875.0
NAC,2020,,
NAM,2020,,285.0
NCL,2020,,
NER,2020,,151.0
NGA,2020,,1150.0
NIC,2020,,2280.0
NLD,2020,,778.0
NOR,2020,,1414.0
NPL,2020,,1500.0
NRU,2020,,
NZL,2020,,1732.0
OED,2020,,
OMN,2020,,125.0
OSS,2020,,
PAK,2020,,494.0
PAN,2020,,2928.0
PER,2020,,1738.0
PHL,2020,,2348.0
PLW,2020,,
PNG,2020,,3142.0
POL,2020,,600.0
PRE,2020,,
PRI,2020,,2054.0
PRK,2020,,1054.0
PRT,2020,,854.0
PRY,2020,,1130.0
PSE,2020,,402.0
PSS,2020,,
PST,2020,,
PYF,2020,,
QAT,2020,,74.0
ROU,2020,,637.0
RUS,2020,,460.0
RWA,2020,,1212.0
SAS,2020,,
SAU,2020,,59.0
SDN,2020,,250.0
SEN,2020,,686.0
SGP,2020,,2497.0
SLB,2020,,3028.0
SLE,2020,,2526.0
SLV,2020,,1784.0
SMR,2020,,
SOM,2020,,282.0
SRB,2020,,
SSA,2020,,
SSD,2020,,900.0
SSF,2020,,
SST,2020,,
STP,2020,,3200.0
SUR,2020,,2331.0
SVK,2020,,824.0
SVN,2020,,1162.0
SWE,2020,,624.0
SWZ,2020,,788.0
SXM,2020,,
SYC,2020,,2330.0
SYR,2020,,252.0
TCA,2020,,
TCD,2020,,322.0
TEA,2020,,
TEC,2020,,
TGO,2020,,1168.0
THA,2020,,1622.0
TJK,2020,,691.0
TKM,2020,,161.0
TLA,2020,,
TLS,2020,,1500.0
TMN,2020,,
TON,2020,,
TSA,2020,,
TSS,2020,,
TTO,2020,,2200.0
TUN,2020,,207.0
TUR,2020,,593.0
TUV,2020,,
TZA,2020,,1071.0
UGA,2020,,1180.0
UKR,2020,,565.0
UMC,2020,,
URY,2020,,1300.0
USA,2020,,715.0
UZB,2020,,206.0
VCT,2020,,1583.0
VEN,2020,,2044.0
VGB,2020,,
VIR,2020,,
VNM,2020,,1821.0
VUT,2020,,2000.0
WLD,2020,,
WSM,2020,,2880.0
XKX,2020,,
YEM,2020,,167.0
ZAF,2020,,495.0
ZMB,2020,,1020.0
ZWE,2020,,657.0
ABW,2021,,
AFE,2021,,
AFG,2021,,327.0
AFW,2021,,
AGO,2021,,1010.0
ALB,2021,,1485.0
AND,2021,,
ARB,2021,,
ARE,2021,,78.0
ARG,2021,,591.0
ARM,2021,,562.0
ASM,2021,,
ATG,2021,,1030.0
AUS,2021,,534.0
AUT,2021,,1110.0
AZE,2021,,447.0
BDI,2021,,1274.0
BEL,2021,,847.0
BEN,2021,,1039.0
BFA,2021,,748.0
BGD,2021,,2666.0
BGR,2021,,608.0
BHR,2021,,83.0
BHS,2021,,1292.0
BIH,2021,,1028.0
BLR,2021,,618.0
BLZ,2021,,1705.0
BMU,2021,,
BOL,2021,,1146.0
BRA,2021,,1761.0
BRB,2021,,1422.0
BRN,2021,,2722.0
BTN,2021,,2200.0
BWA,2021,,416.0
CAF,2021,,1343.0
CAN,2021,,537.0
CEB,2021,,
CHE,2021,,1537.0
CHI,2021,,
CHL,2021,,1522.0
CHN,2021,,645.0
CIV,2021,,1348.0
CMR,2021,,1604.0
COD,2021,,1543.0
COG,2021,,1646.0
COL,2021,,3240.0
COM,2021,,900.0
CPV,2021,,228.0
CRI,2021,,2926.0
CSS,2021,,
CUB,2021,,1335.0
CUW,2021,,
CYM,2021,,
CYP,2021,,498.0
CZE,2021,,677.0
DEU,2021,,700.0
DJI,2021,,220.0
DMA,2021,,2083.0
DNK,2021,,703.0
DOM,2021,,1410.0
DZA,2021,,89.0
EAP,2021,,
EAR,2021,,
EAS,2021,,
ECA,2021,,
ECS,2021,,
ECU,2021,,2274.0
EGY,2021,,18.1
EMU,2021,,
ERI,2021,,384.0
ESP,2021,,636.0
EST,2021,,626.0
ETH,2021,,848.0
EUU,2021,,
FCS,2021,,
FIN,2021,,536.0
FJI,2021,,2592.0
FRA,2021,,867.0
FRO,2021,,
FSM,2021,,
GAB,2021,,1831.0
GBR,2021,,1220.0
GEO,2021,,1026.0
GHA,2021,,1187.0
GIB,2021,,
GIN,2021,,1651.0
GMB,2021,,836.0
GNB,2021,,1577.0
GNQ,2021,,2156.0
GRC,2021,,652.0
GRD,2021,,2350.0
GRL,2021,,
GTM,2021,,1996.0
GUM,2021,,
GUY,2021,,2387.0
HIC,2021,,
HKG,2021,,
HND,2021,,1976.0
HPC,2021,,
HRV,2021,,1113.0
HTI,2021,,1440.0
HUN,2021,,589.0
IBD,2021,,
IBT,2021,,
IDA,2021,,
IDB,2021,,
IDN,2021,,2702.0
IDX,2021,,
IMN,2021,,
IND,2021,,1083.0
INX,2021,,
IRL,2021,,1118.0
IRN,2021,,228.0
IRQ,2021,,216.0
ISL,2021,,1940.0
ISR,2021,,435.0
ITA,2021,,832.0
JAM,2021,,2051.0
JOR,2021,,111.0
JPN,2021,,1668.0
KAZ,2021,,250.0
KEN,2021,,630.0
KGZ,2021,,533.0
KHM,2021,,1904.0
KIR,2021,,
KNA,2021,,1427.0
KOR,2021,,1274.0
KWT,2021,,121.0
LAC,2021,,
LAO,2021,,1834.0
LBN,2021,,661.0
LBR,2021,,2391.0
LBY,2021,,56.0
LCA,2021,,2301.0
LCN,2021,,
LDC,2021,,
LIC,2021,,
LIE,2021,,
LKA,2021,,1712.0
LMC,2021,,
LMY,2021,,
LSO,2021,,788.0
LTE,2021,,
LTU,2021,,656.0
LUX,2021,,934.0
LVA,2021,,667.0
MAC,2021,,
MAF,2021,,
MAR,2021,,346.0
MCO,2021,,
MDA,2021,,450.0
MDG,2021,,1513.0
MDV,2021,,1972.0
MEA,2021,,
MEX,2021,,758.0
MHL,2021,,
MIC,2021,,
MKD,2021,,619.0
MLI,2021,,282.0
MLT,2021,,560.0
MMR,2021,,2091.0
MNA,2021,,
MNE,2021,,
MNG,2021,,241.0
MNP,2021,,
MOZ,2021,,1032.0
MRT,2021,,92.0
MUS,2021,,2041.0
MWI,2021,,1181.0
MYS,2021,,2875.0
NAC,2021,,
NAM,2021,,285.0
NCL,2021,,
NER,2021,,151.0
NGA,2021,,1150.0
NIC,2021,,2280.0
NLD,2021,,778.0
NOR,2021,,1414.0
NPL,2021,,1500.0
NRU,2021,,
NZL,2021,,1732.0
OED,2021,,
OMN,2021,,125.0
OSS,2021,,
PAK,2021,,494.0
PAN,2021,,2928.0
PER,2021,,1738.0
PHL,2021,,2348.0
PLW,2021,,
PNG,2021,,3142.0
POL,2021,,600.0
PRE,2021,,
PRI,2021,,2054.0
PRK,2021,,1054.0
PRT,2021,,854.0
PRY,2021,,1130.0
PSE,2021,,402.0
PSS,2021,,
PST,2021,,
PYF,2021,,
QAT,2021,,74.0
ROU,2021,,637.0
RUS,2021,,460.0
RWA,2021,,1212.0
SAS,2021,,
SAU,2021,,59.0
SDN,2021,,250.0
SEN,2021,,686.0
SGP,2021,,2497.0
SLB,2021,,3028.0
SLE,2021,,2526.0
SLV,2021,,1784.0
SMR,2021,,
SOM,2021,,282.0
SRB,2021,,
SSA,2021,,
SSD,2021,,900.0
SSF,2021,,
SST,2021,,
STP,2021,,3200.0
SUR,2021,,2331.0
SVK,2021,,824.0
SVN,2021,,1162.0
SWE,2021,,624.0
SWZ,2021,,788.0
SXM,2021,,
SYC,2021,,2330.0
SYR,2021,,252.0
TCA,2021,,
TCD,2021,,322.0
TEA,2021,,
TEC,2021,,
TGO,2021,,1168.0
THA,2021,,1622.0
TJK,2021,,691.0
TKM,2021,,161.0
TLA,2021,,
TLS,2021,,1500.0
TMN,2021,,
TON,2021,,
TSA,2021,,
TSS,2021,,
TTO,2021,,2200.0
TUN,2021,,207.0
TUR,2021,,593.0
TUV,2021,,
TZA,2021,,1071.0
UGA,2021,,1180.0
UKR,2021,,565.0
UMC,2021,,
URY,2021,,1300.0
USA,2021,,715.0
UZB,2021,,206.0
VCT,2021,,1583.0
VEN,2021,,2044.0
VGB,2021,,
VIR,2021,,
VNM,2021,,1821.0
VUT,2021,,2000.0
WLD,2021,,
WSM,2021,,2880.0
XKX,2021,,
YEM,2021,,167.0
ZAF,2021,,495.0
ZMB,2021,,1020.0
ZWE,2021,,657.0
ABW,2022,,
AFE,2022,,
AFG,2022,,
AFW,2022,,
AGO,2022,,
ALB,2022,,
AND,2022,,
ARB,2022,,
ARE,2022,,
ARG,2022,,
ARM,2022,,
ASM,2022,,
ATG,2022,,
AUS,2022,,
AUT,2022,,
AZE,2022,,
BDI,2022,,
BEL,2022,,
BEN,2022,,
BFA,2022,,
BGD,2022,,
BGR,2022,,
BHR,2022,,
BHS,2022,,
BIH,2022,,
BLR,2022,,
BLZ,2022,,
BMU,2022,,
BOL,2022,,
BRA,2022,,
BRB,2022,,
BRN,2022,,
BTN,2022,,
BWA,2022,,
CAF,2022,,
CAN,2022,,
CEB,2022,,
CHE,2022,,
CHI,2022,,
CHL,2022,,
CHN,2022,,
CIV,2022,,
CMR,2022,,
COD,2022,,
COG,2022,,
COL,2022,,
COM,2022,,
CPV,2022,,
CRI,2022,,
CSS,2022,,
CUB,2022,,
CUW,2022,,
CYM,2022,,
CYP,2022,,
CZE,2022,,
DEU,2022,,
DJI,2022,,
DMA,2022,,
DNK,2022,,
DOM,2022,,
DZA,2022,,
EAP,2022,,
EAR,2022,,
EAS,2022,,
ECA,2022,,
ECS,2022,,
ECU,2022,,
EGY,2022,,
EMU,2022,,
ERI,2022,,
ESP,2022,,
EST,2022,,
ETH,2022,,
EUU,2022,,
FCS,2022,,
FIN,2022,,
FJI,2022,,
FRA,2022,,
FRO,2022,,
FSM,2022,,
GAB,2022,,
GBR,2022,,
GEO,2022,,
GHA,2022,,
GIB,2022,,
GIN,2022,,
GMB,2022,,
GNB,2022,,
GNQ,2022,,
GRC,2022,,
GRD,2022,,
GRL,2022,,
GTM,2022,,
GUM,2022,,
GUY,2022,,
HIC,2022,,
HKG,2022,,
HND,2022,,
HPC,2022,,
HRV,2022,,
HTI,2022,,
HUN,2022,,
IBD,2022,,
IBT,2022,,
IDA,2022,,
IDB,2022,,
IDN,2022,,
IDX,2022,,
IMN,2022,,
IND,2022,,
INX,2022,,
IRL,2022,,
IRN,2022,,
IRQ,2022,,
ISL,2022,,
ISR,2022,,
ITA,2022,,
JAM,2022,,
JOR,2022,,
JPN,2022,,
KAZ,2022,,
KEN,2022,,
KGZ,2022,,
KHM,2022,,
KIR,2022,,
KNA,2022,,
KOR,2022,,
KWT,2022,,
LAC,2022,,
LAO,2022,,
LBN,2022,,
LBR,2022,,
LBY,2022,,
LCA,2022,,
LCN,2022,,
LDC,2022,,
LIC,2022,,
LIE,2022,,
LKA,2022,,
LMC,2022,,
LMY,2022,,
LSO,2022,,
LTE,2022,,
LTU,2022,,
LUX,2022,,
LVA,2022,,
MAC,2022,,
MAF,2022,,
MAR,2022,,
MCO,2022,,
MDA,2022,,
MDG,2022,,
MDV,2022,,
MEA,2022,,
MEX,2022,,
MHL,2022,,
MIC,2022,,
MKD,2022,,
MLI,2022,,
MLT,2022,,
MMR,2022,,
MNA,2022,,
MNE,2022,,
MNG,2022,,
MNP,2022,,
MOZ,2022,,
MRT,2022,,
MUS,2022,,
MWI,2022,,
MYS,2022,,
NAC,2022,,
NAM,2022,,
NCL,2022,,
NER,2022,,
NGA,2022,,
NIC,2022,,
NLD,2022,,
NOR,2022,,
NPL,2022,,
NRU,2022,,
NZL,2022,,
OED,2022,,
OMN,2022,,
OSS,2022,,
PAK,2022,,
PAN,2022,,
PER,2022,,
PHL,2022,,
PLW,2022,,
PNG,2022,,
POL,2022,,
PRE,2022,,
PRI,2022,,
PRK,2022,,
PRT,2022,,
PRY,2022,,
PSE,2022,,
PSS,2022,,
PST,2022,,
PYF,2022,,
QAT,2022,,
ROU,2022,,
RUS,2022,,
RWA,2022,,
SAS,2022,,
SAU,2022,,
SDN,2022,,
SEN,2022,,
SGP,2022,,
SLB,2022,,
SLE,2022,,
SLV,2022,,
SMR,2022,,
SOM,2022,,
SRB,2022,,
SSA,2022,,
SSD,2022,,
SSF,2022,,
SST,2022,,
STP,2022,,
SUR,2022,,
SVK,2022,,
SVN,2022,,
SWE,2022,,
SWZ,2022,,
SXM,2022,,
SYC,2022,,
SYR,2022,,
TCA,2022,,
TCD,2022,,
TEA,2022,,
TEC,2022,,
TGO,2022,,
THA,2022,,
TJK,2022,,
TKM,2022,,
TLA,2022,,
TLS,2022,,
TMN,2022,,
TON,2022,,
TSA,2022,,
TSS,2022,,
TTO,2022,,
TUN,2022,,
TUR,2022,,
TUV,2022,,
TZA,2022,,
UGA,2022,,
UKR,2022,,
UMC,2022,,
URY,2022,,
USA,2022,,
UZB,2022,,
VCT,2022,,
VEN,2022,,
VGB,2022,,
VIR,2022,,
VNM,2022,,
VUT,2022,,
WLD,2022,,
WSM,2022,,
XKX,2022,,
YEM,2022,,
ZAF,2022,,
ZMB,2022,,
ZWE,2022,,
